RAW_DATA|GIVEN_NAME|TOP_NICKNAME|ALL_NICKNAMES_ORDERED
aaron,erin,ronnie,ron|aaron|ron|erin,ron,ronnie
abbie,abigail|abbie|abigail|abigail
abby,abigail|abby|abigail|abigail
abednego,bedney|abednego|bedney|bedney
abel,ebbie,ab,abe,eb|abel|abe|ab,abe,eb,ebbie
abiel,ab|abiel|ab|ab
abigail,nabby,abby,gail|abigail|abby|abby,gail,nabby
abijah,ab,bige|abijah|ab|ab,bige
abner,ab|abner|ab|ab
abraham,ab,abe|abraham|abe|ab,abe
abram,ab|abram|ab|ab
absalom,app,ab,abbie|absalom|ab|ab,abbie,app
ada,addy|ada|addy|addy
adaline,delia,lena,dell,addy,ada|adaline|addy|ada,addy,delia,dell,lena
adam,edie,ade|adam|ade|ade,edie
addy,adele|addy|adele|adele
adela,della|adela|della|della
adelaide,heidi,adele,dell,addy,della|adelaide|adele|addy,adele,dell,della,heidi
adelbert,del,albert,delbert,bert|adelbert|bert|albert,bert,del,delbert
adele,dell|adele|dell|dell
adeline,delia,lena,dell,addy,ada|adeline|delia|ada,addy,delia,dell,lena
adelphia,philly,delphia,adele,dell,addy|adelphia|dell|addy,adele,dell,delphia,philly
adolphus,dolph,ado,adolph|adolphus|dolph|ado,adolph,dolph
adrian,rian|adrian|rian|rian
adrienne,adrian|adrienne|adrian|adrian
agatha,aggy|agatha|aggy|aggy
agnes,inez,aggy,nessa|agnes|nessa|aggy,inez,nessa
aileen,lena,allie|aileen|lena|allie,lena
alan,al|alan|al|al
alanson,al,lanson|alanson|al|al,lanson
alastair,al|alastair|al|al
alazama,ali|alazama|ali|ali
albert,bert,al|albert|bert|al,bert
alberta,bert,allie,bertie|alberta|bertie|allie,bert,bertie
aldo,al|aldo|al|al
aldrich,riche,rich|aldrich|rich|rich,riche
aleva,levy,leve|aleva|leve|leve,levy
alexander,alex,al,sandy|alexander|alex|al,alex,sandy
alexandra,alex,sandy,alla,sandra|alexandra|alex|alex,alla,sandra,sandy
alexandria,drina,alexander,alla,sandra|alexandria|sandra|alexander,alla,drina,sandra
alexis,lexi|alexis|lexi|lexi
alfonse,al|alfonse|al|al
alfred,freddy,al,fred|alfred|fred|al,fred,freddy
alfreda,freddy,alfy,freda,frieda|alfreda|freda|alfy,freda,freddy,frieda
algernon,algy|algernon|algy|algy
alice,lisa,elsie,allie|alice|elsie|allie,elsie,lisa
alicia,lisa,elsie,allie|alicia|elsie|allie,elsie,lisa
aline,adeline|aline|adeline|adeline
alison,ali|alison|ali|ali
allan,al|allan|al|al
allen,al|allen|al|al
allisandra,allie|allisandra|allie|allie
almena,mena,allie|almena|mena|allie,mena
almina,minnie|almina|minnie|minnie
almira,myra|almira|myra|myra
alonzo,lon,al,lonzo|alonzo|lonzo|al,lon,lonzo
alphinias,alphus|alphinias|alphus|alphus
alverta,virdie,vert|alverta|vert|vert,virdie
alyssa,lissia,al,ally|alyssa|ally|al,ally,lissia
alzada,zada|alzada|zada|zada
amanda,mandy,manda|amanda|mandy|manda,mandy
ambrose,brose|ambrose|brose|brose
amelia,amy,mel,millie,emily|amelia|amy|amy,emily,mel,millie
amos,moses|amos|moses|moses
anastasia,ana,stacy|anastasia|stacy|ana,stacy
anderson,andy|anderson|andy|andy
andrea,drea,rea,andrew|andrea|drea|andrew,drea,rea
andrew,andy,drew|andrew|drew|andy,drew
angela,angelica,angelina,angel,angeline,jane,angie|angela|jane|angel,angelica,angelina,angeline,angie,jane
angelina,lina|angelina|lina|lina
ann,nana,nan,nancy,annie,nanny|ann|annie|annie,nan,nana,nancy,nanny
anna,anne,ann,annie|anna|annie|ann,anne,annie
anne,annie,nana,ann,nan,nanny,nancy|anne|nancy|ann,annie,nan,nana,nancy,nanny
annette,anna,nettie|annette|nettie|anna,nettie
annie,ann,anna|annie|ann|ann,anna
anselm,ansel,selma,anse,ance|anselm|selma|ance,anse,ansel,selma
anthony,tony|anthony|tony|tony
antoinette,tony,netta,ann|antoinette|netta|ann,netta,tony
antonia,tony,netta,ann|antonia|tony|ann,netta,tony
appoline,appy,appie|appoline|appie|appie,appy
aquilla,quil,quillie|aquilla|quil|quil,quillie
ara,belle,arry|ara|arry|arry,belle
arabella,ara,bella,arry,belle|arabella|bella|ara,arry,bella,belle
arabelle,ara,bella,arry,belle|arabelle|belle|ara,arry,bella,belle
araminta,armida,middie,ruminta,minty|araminta|minty|armida,middie,minty,ruminta
archibald,archie|archibald|archie|archie
archilles,kill,killis|archilles|kill|kill,killis
ariadne,arie|ariadne|arie|arie
arielle,arie|arielle|arie|arie
aristotle,telly|aristotle|telly|telly
arizona,onie,ona|arizona|onie|ona,onie
arlene,arly,lena|arlene|lena|arly,lena
armanda,mandy|armanda|mandy|mandy
armena,mena,arry|armena|mena|arry,mena
armilda,milly|armilda|milly|milly
arminda,mindie|arminda|mindie|mindie
arminta,minite,minnie|arminta|minnie|minite,minnie
arnold,arnie|arnold|arnie|arnie
art,arthur|art|arthur|arthur
artelepsa,epsey|artelepsa|epsey|epsey
artemus,art|artemus|art|art
arthur,art|arthur|art|art
arthusa,thursa|arthusa|thursa|thursa
arzada,zaddi|arzada|zaddi|zaddi
asahel,asa|asahel|asa|asa
asaph,asa|asaph|asa|asa
asenath,sene,assene,natty|asenath|natty|assene,natty,sene
aubrey,bree|aubrey|bree|bree
audrey,dee|audrey|dee|dee
august,gus|august|gus|gus
augusta,tina,aggy,gatsy,gussie|augusta|aggy|aggy,gatsy,gussie,tina
augustina,tina,aggy,gatsy,gussie|augustina|aggy|aggy,gatsy,gussie,tina
augustine,gus,austin,august|augustine|gus|august,austin,gus
augustus,gus,austin,august|augustus|gus|august,austin,gus
aurelia,ree,rilly,orilla,aurilla,ora|aurelia|ora|aurilla,ora,orilla,ree,rilly
avarilla,rilla|avarilla|rilla|rilla
azariah,riah,aze|azariah|riah|aze,riah
bab,barby|bab|barby|barby
barbara,barby,babs,bab,bobbie|barbara|babs|bab,babs,barby,bobbie
barbery,barbara|barbery|barbara|barbara
barbie,barbara|barbie|barbara|barbara
barnabas,barney|barnabas|barney|barney
barney,barnabas|barney|barnabas|barnabas
bart,bartholomew|bart|bartholomew|bartholomew
bartholomew,bartel,bat,meus,bart,mees|bartholomew|bart|bart,bartel,bat,mees,meus
barticus,bart|barticus|bart|bart
bazaleel,basil|bazaleel|basil|basil
bea,beatrice|bea|beatrice|beatrice
beatrice,bea,trisha,trixie,trix|beatrice|trixie|bea,trisha,trix,trixie
becca,beck|becca|beck|beck
beck,becky|beck|becky|becky
bedelia,delia,bridgit|bedelia|bridgit|bridgit,delia
belinda,belle,linda|belinda|linda|belle,linda
bella,belle,arabella,isabella|bella|belle|arabella,belle,isabella
ben,benjamin,bennie|ben|bennie|benjamin,bennie
benedict,bennie,ben|benedict|bennie|ben,bennie
benjamin,benjy,jamie,bennie,ben|benjamin|ben|ben,benjy,bennie,jamie
benjy,benjamin|benjy|benjamin|benjamin
bernard,barney,bernie,berney|bernard|bernie|barney,berney,bernie
berney,bernie|berney|bernie|bernie
bert,bertie,bob,bobby|bert|bobby|bertie,bob,bobby
bertha,bert,birdie,bertie|bertha|birdie|bert,bertie,birdie
bertram,bert|bertram|bert|bert
bess,bessie|bess|bessie|bessie
beth,betsy,betty,elizabeth|beth|betsy|betsy,betty,elizabeth
bethena,beth,thaney|bethena|beth|beth,thaney
beverly,bev|beverly|bev|bev
bezaleel,zeely|bezaleel|zeely|zeely
biddie,biddy|biddie|biddy|biddy
bill,william,billy,robert,willie,fred|bill|fred|billy,fred,robert,william,willie
billy,william,robert,fred|billy|fred|fred,robert,william
blanche,bea|blanche|bea|bea
bob,rob,robert|bob|rob|rob,robert
bobby,rob,bob|bobby|bob|bob,rob
boetius,bo|boetius|bo|bo
bradford,ford,brad|bradford|brad|brad,ford
brady,brody|brady|brody|brody
brenda,brandy|brenda|brandy|brandy
brian,bryan,bryant|brian|bryan|bryan,bryant
bridget,bridie,biddy,bridgie,biddie|bridget|biddy|biddie,biddy,bridgie,bridie
brittany,britt|brittany|britt|britt
broderick,ricky,brody,brady,rick|broderick|rick|brady,brody,rick,ricky
cal,calvin|cal|calvin|calvin
caldonia,calliedona|caldonia|calliedona|calliedona
caleb,cal|caleb|cal|cal
california,callie|california|callie|callie
calista,kissy|calista|kissy|kissy
calpurnia,cally|calpurnia|cally|cally
calvin,vin,vinny,cal|calvin|cal|cal,vin,vinny
cameron,ron,cam,ronny|cameron|cam|cam,ron,ronny
camille,millie,cammie|camille|millie|cammie,millie
campbell,cam|campbell|cam|cam
candace,candy,dacey|candace|dacey|candy,dacey
carlotta,lottie|carlotta|lottie|lottie
carlton,carl|carlton|carl|carl
carmellia,mellia|carmellia|mellia|mellia
carmon,charm,cammie,carm|carmon|charm|cammie,carm,charm
carol,lynn,carrie,carolann,cassie,caroline,carole|carol|carrie|carolann,carole,caroline,carrie,cassie,lynn
carolann,carol,carole|carolann|carol|carol,carole
caroline,lynn,carol,carrie,cassie,carole|caroline|carol|carol,carole,carrie,cassie,lynn
carolyn,lynn,carrie,cassie|carolyn|carrie|carrie,cassie,lynn
carrie,cassie|carrie|cassie|cassie
carthaette,etta,etty|carthaette|etty|etta,etty
casey,k.c.|casey|k.c.|k.c.
casper,jasper|casper|jasper|jasper
cassandra,sandy,cassie,sandra|cassandra|sandy|cassie,sandra,sandy
cassie,cassandra|cassie|cassandra|cassandra
caswell,cass|caswell|cass|cass
catherine,kathy,katy,lena,kittie,kit,trina,cathy,kay,cassie|catherine|cathy|cassie,cathy,kathy,katy,kay,kit,kittie,lena,trina
cathleen,kathy,katy,lena,kittie,kit,trina,cathy,kay,cassie|cathleen|cathy|cassie,cathy,kathy,katy,kay,kit,kittie,lena,trina
cecilia,cissy,celia|cecilia|cissy|celia,cissy
cedric,ced,rick,ricky|cedric|ced|ced,rick,ricky
celeste,lessie,celia|celeste|lessie|celia,lessie
celinda,linda,lynn,lindy|celinda|linda|linda,lindy,lynn
charity,chat|charity|chat|chat
charles,charlie,chuck,carl,chick|charles|chuck|carl,charlie,chick,chuck
charlie,charles,chuck|charlie|chuck|charles,chuck
charlotte,char,sherry,lottie,lotta|charlotte|sherry|char,lotta,lottie,sherry
chauncey,chan|chauncey|chan|chan
cher,sher|cher|sher|sher
cheryl,sheryl|cheryl|sheryl|sheryl
chesley,chet|chesley|chet|chet
chester,chet|chester|chet|chet
chet,chester|chet|chester|chester
chloe,clo|chloe|clo|clo
christa,chris|christa|chris|chris
christian,chris,kit|christian|chris|chris,kit
christiana,kris,kristy,ann,tina,christy,chris,crissy|christiana|tina|ann,chris,christy,crissy,kris,kristy,tina
christina,kris,kristy,tina,christy,chris,crissy|christina|tina|chris,christy,crissy,kris,kristy,tina
christine,kris,kristy,chrissy,tina,chris,crissy|christine|tina|chris,chrissy,crissy,kris,kristy,tina
christopher,chris,kit|christopher|chris|chris,kit
christy,crissy|christy|crissy|crissy
cicely,cilla|cicely|cilla|cilla
cinderella,arilla,rella,cindy,rilla|cinderella|cindy|arilla,cindy,rella,rilla
cindy,cinderlla|cindy|cinderlla|cinderlla
clair,clare,clara|clair|clare|clara,clare
clara,clarissa|clara|clarissa|clarissa
clare,clara|clare|clara|clara
clarence,clare,clair|clarence|clare|clair,clare
clarinda,clara|clarinda|clara|clara
clarissa,cissy,clara|clarissa|clara|cissy,clara
claudia,claud|claudia|claud|claud
cleatus,cleat|cleatus|cleat|cleat
clement,clem|clement|clem|clem
clementine,clement,clem|clementine|clem|clem,clement
clifford,ford,cliff|clifford|cliff|cliff,ford
clifton,tony,cliff|clifton|cliff|cliff,tony
cole,colie|cole|colie|colie
columbus,clum|columbus|clum|clum
con,conny|con|conny|conny
conrad,conny,con|conrad|con|con,conny
constance,connie|constance|connie|connie
cordelia,cordy,delia|cordelia|delia|cordy,delia
corey,coco,cordy,ree|corey|coco|coco,cordy,ree
corinne,cora,ora|corinne|cora|cora,ora
cornelia,nelly,cornie,nelia,corny,nelle|cornelia|nelly|cornie,corny,nelia,nelle,nelly
cornelius,conny,niel,corny,con|cornelius|niel|con,conny,corny,niel
cory,coco,cordy,ree|cory|coco|coco,cordy,ree
courtney,curt,court|courtney|curt|court,curt
crystal,chris,tal,stal,crys|crystal|chris|chris,crys,stal,tal
curt,curtis|curt|curtis|curtis
curtis,curt|curtis|curt|curt
cy,cyrus|cy|cyrus|cyrus
cynthia,cintha,cindy|cynthia|cindy|cindy,cintha
cyrenius,swene,cy,serene,renius,cene|cyrenius|cy|cene,cy,renius,serene,swene
cyrus,cy|cyrus|cy|cy
daisy,margaret|daisy|margaret|margaret
dal,dahl|dal|dahl|dahl
dalton,dahl|dalton|dahl|dahl
dan,danny,daniel|dan|danny|daniel,danny
daniel,dan,danny|daniel|dan|dan,danny
danielle,ellie,dani|danielle|dani|dani,ellie
danny,daniel|danny|daniel|daniel
daphne,daph,daphie|daphne|daph|daph,daphie
darlene,lena,darry|darlene|lena|darry,lena
dave,david|dave|david|david
davey,david|davey|david|david
david,dave,day,davey|david|dave|dave,davey,day
deanne,ann,dee|deanne|ann|ann,dee
deb,deborah,debra|deb|debra|deborah,debra
debbie,deb,debra,deborah,debby|debbie|deb|deb,debby,deborah,debra
debby,deb|debby|deb|deb
debora,deb,debbie,debby|debora|debbie|deb,debbie,debby
deborah,deb,debbie,debby|deborah|debbie|deb,debbie,debby
debra,deb,debbie|debra|debbie|deb,debbie
deidre,deedee|deidre|deedee|deedee
delbert,bert,del|delbert|bert|bert,del
delilah,lil,lila,dell,della|delilah|lil|dell,della,lil,lila
deliverance,delly,dilly,della|deliverance|delly|della,delly,dilly
dell,della|dell|della|della
della,adela,delilah,adelaide|della|adela|adela,adelaide,delilah
delores,lolly,lola,della,dee,dell|delores|lola|dee,dell,della,lola,lolly
delpha,philadelphia|delpha|philadelphia|philadelphia
delphine,delphi,del,delf|delphine|delf|del,delf,delphi
demaris,dea,maris,mary|demaris|mary|dea,maris,mary
demerias,dea,maris,mary|demerias|mary|dea,maris,mary
democrates,mock|democrates|mock|mock
denise,dennis|denise|dennis|dennis
dennis,denny|dennis|denny|denny
dennison,denny|dennison|denny|denny
derrick,ricky,eric,rick|derrick|rick|eric,rick,ricky
deuteronomy,duty|deuteronomy|duty|duty
diana,dicey,didi,di|diana|didi|di,dicey,didi
diane,dicey,didi,di|diane|didi|di,dicey,didi
dicey,dicie|dicey|dicie|dicie
dick,rick,richard|dick|rick|richard,rick
dickson,dick|dickson|dick|dick
domenic,dom|domenic|dom|dom
dominic,dom|dominic|dom|dom
don,donald|don|donald|donald
donald,dony,donnie,don,donny|donald|don|don,donnie,donny,dony
donnie,donald,donny|donnie|donny|donald,donny
donny,donald|donny|donald|donald
dorcus,darkey|dorcus|darkey|darkey
dorinda,dorothea,dora|dorinda|dora|dora,dorothea
doris,dora|doris|dora|dora
dorothea,doda,dora|dorothea|dora|doda,dora
dorothy,dortha,dolly,dot,dotty|dorothy|dot|dolly,dortha,dot,dotty
dot,dotty|dot|dotty|dotty
dotha,dotty|dotha|dotty|dotty
douglas,doug|douglas|doug|doug
drew,andrew|drew|andrew|andrew
drusilla,silla|drusilla|silla|silla
duncan,dunk|duncan|dunk|dunk
earnest,ernestine,ernie|earnest|ernie|ernestine,ernie
eb,ebbie|eb|ebbie|ebbie
ebenezer,ebbie,eben,eb|ebenezer|eben|eb,ebbie,eben
ed,eddie,eddy|ed|eddy|eddie,eddy
eddie,eddy|eddie|eddy|eddy
edgar,ed,eddie,eddy|edgar|eddie|ed,eddie,eddy
edith,edie,edye|edith|edie|edie,edye
edmond,ed,eddie,eddy|edmond|ed|ed,eddie,eddy
edmund,ed,eddie,ted,eddy,ned|edmund|ted|ed,eddie,eddy,ned,ted
edna,edny|edna|edny|edny
eduardo,ed,eddie,eddy|eduardo|ed|ed,eddie,eddy
edward,teddy,ed,ned,ted,eddy,eddie|edward|ted|ed,eddie,eddy,ned,ted,teddy
edwin,ed,eddie,win,eddy,ned|edwin|ed|ed,eddie,eddy,ned,win
edwina,edwin|edwina|edwin|edwin
edyth,edie,edye|edyth|edie|edie,edye
edythe,edie,edye|edythe|edie|edie,edye
egbert,bert,burt|egbert|bert|bert,burt
eighta,athy|eighta|athy|athy
eileen,helen|eileen|helen|helen
elaine,lainie,helen|elaine|helen|helen,lainie
elbert,albert|elbert|albert|albert
elbertson,elbert,bert|elbertson|bert|bert,elbert
eleanor,lanna,nora,nelly,ellie,elaine,ellen,lenora|eleanor|nora|elaine,ellen,ellie,lanna,lenora,nelly,nora
eleazer,lazar|eleazer|lazar|lazar
elena,helen|elena|helen|helen
elias,eli,lee,lias|elias|eli|eli,lee,lias
elijah,lige,eli|elijah|eli|eli,lige
eliphalel,life|eliphalel|life|life
eliphalet,left|eliphalet|left|left
elisa,lisa|elisa|lisa|lisa
elisha,lish,eli|elisha|eli|eli,lish
eliza,elizabeth|eliza|elizabeth|elizabeth
elizabeth,libby,lisa,lib,lizzie,eliza,betsy,liza,betty,bessie,bess,beth,liz|elizabeth|beth|bess,bessie,beth,betsy,betty,eliza,lib,libby,lisa,liz,liza,lizzie
ella,ellen|ella|ellen|ellen
ellen,nellie,nell,helen|ellen|nell|helen,nell,nellie
ellender,nellie,ellen,helen|ellender|ellen|ellen,helen,nellie
ellie,elly|ellie|elly|elly
ellswood,elsey|ellswood|elsey|elsey
elminie,minnie|elminie|minnie|minnie
elmira,ellie,elly,mira|elmira|elly|ellie,elly,mira
elnora,nora|elnora|nora|nora
eloise,heloise,louise|eloise|louise|heloise,louise
elouise,louise|elouise|louise|louise
elsie,elsey|elsie|elsey|elsey
elswood,elsey|elswood|elsey|elsey
elvira,elvie|elvira|elvie|elvie
elwood,woody|elwood|woody|woody
elysia,lisa|elysia|lisa|lisa
elze,elsey|elze|elsey|elsey
emanuel,manuel,manny|emanuel|manny|manny,manuel
emeline,em,emmy,emma,milly,emily|emeline|emmy|em,emily,emma,emmy,milly
emil,emily|emil|emily|emily
emily,emmy,millie,emma,mel|emily|emmy|emma,emmy,mel,millie
emma,emmy|emma|emmy|emmy
epaphroditius,dite,ditus,eppa,dyche,dyce|epaphroditius|dite|dite,ditus,dyce,dyche,eppa
ephraim,eph|ephraim|eph|eph
erasmus,raze,rasmus|erasmus|raze|rasmus,raze
eric,rick,ricky|eric|rick|rick,ricky
ernest,ernie|ernest|ernie|ernie
ernestine,teeny,ernest,tina,erna|ernestine|tina|erna,ernest,teeny,tina
erwin,irwin|erwin|irwin|irwin
eseneth,senie|eseneth|senie|senie
essy,es|essy|es|es
estella,essy,stella|estella|stella|essy,stella
estelle,essy,stella|estelle|stella|essy,stella
esther,hester,essie|esther|essie|essie,hester
eudicy,dicey|eudicy|dicey|dicey
eudora,dora|eudora|dora|dora
eudoris,dossie,dosie|eudoris|dosie|dosie,dossie
eugene,gene|eugene|gene|gene
eunice,nicie|eunice|nicie|nicie
euphemia,effie,effy|euphemia|effie|effie,effy
eurydice,dicey|eurydice|dicey|dicey
eustacia,stacia,stacy|eustacia|stacy|stacia,stacy
eva,eve|eva|eve|eve
evaline,eva,lena,eve|evaline|eve|eva,eve,lena
evangeline,ev,evan,vangie|evangeline|ev|ev,evan,vangie
evelyn,evelina,ev,eve|evelyn|eve|ev,eve,evelina
experience,exie|experience|exie|exie
ezekiel,zeke,ez|ezekiel|zeke|ez,zeke
ezideen,ez|ezideen|ez|ez
ezra,ez|ezra|ez|ez
faith,fay|faith|fay|fay
felicia,fel,felix,feli|felicia|feli|fel,feli,felix
felicity,flick,tick|felicity|flick|flick,tick
feltie,felty|feltie|felty|felty
ferdinand,freddie,freddy,ferdie,fred|ferdinand|fred|ferdie,fred,freddie,freddy
ferdinando,nando,ferdie,fred|ferdinando|fred|ferdie,fred,nando
fidelia,delia|fidelia|delia|delia
flo,florence|flo|florence|florence
flora,florence|flora|florence|florence
florence,flossy,flora,flo|florence|flo|flo,flora,flossy
floyd,lloyd|floyd|lloyd|lloyd
fran,frannie|fran|frannie|frannie
frances,sis,cissy,frankie,franniey,fran,francie,frannie,fanny|frances|cissy|cissy,fanny,fran,francie,frankie,frannie,franniey,sis
francie,francine|francie|francine|francine
francine,franniey,fran,frannie,francie|francine|fran|fran,francie,frannie,franniey
francis,fran,frankie,frank|francis|frank|fran,frank,frankie
frank,franklin|frank|franklin|franklin
frankie,frank,francis|frankie|frank|francis,frank
franklin,fran,frank|franklin|frank|fran,frank
franklind,frank|franklind|frank|frank
fred,freddy,frederick|fred|freddy|freddy,frederick
freda,frieda|freda|frieda|frieda
frederica,frederick|frederica|frederick|frederick
frederick,freddie,freddy,fritz,fred|frederick|fred|fred,freddie,freddy,fritz
fredericka,freddy,ricka,freda,frieda|fredericka|freda|freda,freddy,frieda,ricka
frieda,freddie,freddy,fred|frieda|freddie|fred,freddie,freddy
gabby,gabriella,gabe,gabrielle|gabby|gabriella|gabe,gabriella,gabrielle
gabe,gabriel|gabe|gabriel|gabriel
gabriel,gabe,gabby|gabriel|gabe|gabby,gabe
gabriella,ella,gabby|gabriella|ella|ella,gabby
gabrielle,ella,gabby|gabrielle|elle|elle,gabby
genevieve,jean,eve,jenny|genevieve|eve|eve,jean,jenny
geoff,geoffrey,jeffrey,jeff|geoff|jeff|geoffrey,jeff,jeffrey
geoffrey,geoff,jeff|geoffrey|geoff|geoff,jeff
george,jorge,georgiana|george|jorge|georgiana,jorge
georgia,george,georgiana|georgia|george|george,georgiana
gerald,gerry,jerry|gerald|gerry|gerry,jerry
geraldine,gerry,gerrie,jerry,dina|geraldine|gerrie|dina,gerrie,gerry,jerry
gerhardt,gay|gerhardt|gay|gay
gerrie,geraldine|gerrie|geraldine|geraldine
gerry,gerald,geraldine,jerry|gerry|gerald|gerald,geraldine,jerry
gert,gertie|gert|gertie|gertie
gertie,gertrude|gertie|gertrude|gertrude
gertrude,gertie,gert,trudy|gertrude|trudy|gert,gertie,trudy
gil,gilbert|gil|gilbert|gilbert
gilbert,bert,gil,wilber|gilbert|bert|bert,gil,wilber
gloria,glory|gloria|glory|glory
governor,govie|governor|govie|govie
greenberry,green,berry|greenberry|berry|berry,green
gregory,greg|gregory|greg|greg
gretchen,margaret|gretchen|margaret|margaret
griselda,grissel|griselda|grissel|grissel
gum,monty|gum|monty|monty
gus,gussie|gus|gussie|gussie
gustavus,gus|gustavus|gus|gus
gwen,gwendolyn,wendy|gwen|wendy|gwendolyn,wendy
gwendolyn,gwen,wendy|gwendolyn|gwen|gwen,wendy
hamilton,ham|hamilton|ham|ham
hannah,nan,nanny,anna|hannah|nan|anna,nan,nanny
harold,hal,harry|harold|harry|hal,harry
harriet,hattie|harriet|hattie|hattie
harry,harold,henry|harry|harold|harold,henry
haseltine,hassie|haseltine|hassie|hassie
heather,hetty|heather|hetty|hetty
helen,lena,ella,ellen,ellie|helen|lena|ella,ellen,ellie,lena
helena,eileen,lena,nell,nellie,eleanor,elaine,ellen,aileen|helena|ellen|aileen,eileen,elaine,eleanor,ellen,lena,nell,nellie
helene,lena,ella,ellen,ellie|helene|lena|ella,ellen,ellie,lena
heloise,lois,eloise,elouise|heloise|lois|eloise,elouise,lois
henrietta,hank,etta,etty,retta,nettie|henrietta|etta|etta,etty,hank,nettie,retta
henry,hank,hal,harry|henry|hank|hal,hank,harry
hephsibah,hipsie|hephsibah|hipsie|hipsie
hepsibah,hipsie|hepsibah|hipsie|hipsie
herb,herbert|herb|herbert|herbert
herbert,bert,herb|herbert|bert|bert,herb
herman,harman,dutch|herman|dutch|dutch,harman
hermione,hermie|hermione|hermie|hermie
hester,hessy,esther,hetty|hester|hetty|esther,hessy,hetty
hezekiah,hy,hez,kiah|hezekiah|hy|hez,hy,kiah
hiram,hy|hiram|hy|hy
honora,honey,nora,norry,norah|honora|nora|honey,nora,norah,norry
hopkins,hopp,hop|hopkins|hop|hop,hopp
horace,horry|horace|horry|horry
hortense,harty,tensey|hortense|harty|harty,tensey
hosea,hosey,hosie|hosea|hosie|hosey,hosie
howard,hal,howie|howard|howie|hal,howie
hubert,bert,hugh,hub|hubert|hugh|bert,hub,hugh
ian,john|ian|john|john
ignatius,natius,iggy,nate,nace|ignatius|nate|iggy,nace,nate,natius
ignatzio,naz,iggy,nace|ignatzio|iggy|iggy,nace,naz
immanuel,manuel,emmanuel|immanuel|manuel|emmanuel,manuel
india,indie,indy|india|indy|indie,indy
inez,agnes|inez|agnes|agnes
iona,onnie|iona|onnie|onnie
irene,rena|irene|rena|rena
irvin,irving|irvin|irving|irving
irving,irv|irving|irv|irv
irwin,erwin|irwin|erwin|erwin
isaac,ike,zeke|isaac|ike|ike,zeke
isabel,tibbie,bell,nib,belle,bella,nibby,ib,issy|isabel|bell|bell,bella,belle,ib,issy,nib,nibby,tibbie
isabella,tibbie,nib,belle,bella,nibby,ib,issy|isabella|bella|bella,belle,ib,issy,nib,nibby,tibbie
isabelle,tibbie,nib,belle,bella,nibby,ib,issy|isabelle|belle|bella,belle,ib,issy,nib,nibby,tibbie
isadora,issy,dora|isadora|dora|dora,issy
isaiah,zadie,zay|isaiah|zay|zadie,zay
isidore,izzy|isidore|izzy|izzy
iva,ivy|iva|ivy|ivy
ivan,john|ivan|john|john
jackson,jack|jackson|jack|jack
jacob,jaap,jake,jay|jacob|jake|jaap,jake,jay
jacobus,jacob|jacobus|jacob|jacob
jacqueline,jackie,jack|jacqueline|jackie|jack,jackie
jahoda,hody,hodie,hoda|jahoda|hodie|hoda,hodie,hody
james,jimmy,jim,jamie,jimmie,jem|james|jim|jamie,jem,jim,jimmie,jimmy
jamie,james,ben|jamie|james|ben,james
jane,janie,jessie,jean,jennie|jane|jennie|janie,jean,jennie,jessie
janet,jan,jessie|janet|jan|jan,jessie
janice,jan|janice|jan|jan
jannett,nettie|jannett|nettie|nettie
jasper,jap,casper|jasper|casper|casper,jap
jayme,jay|jayme|jay|jay
jean,jane,jeannie|jean|jane|jane,jeannie
jeanette,jessie,jean,janet,nettie|jeanette|jean|janet,jean,jessie,nettie
jeanne,jane,jeannie|jeanne|jane|jane,jeannie
jeb,jebadiah|jeb|jebadiah|jebadiah
jedediah,dyer,jed,diah|jedediah|jed|diah,dyer,jed
jedidiah,jed|jedidiah|jed|jed
jeff,geoffrey,jeffrey|jeff|jeffrey|geoffrey,jeffrey
jefferey,jeff|jefferey|jeff|jeff
jefferson,sonny,jeff|jefferson|sonny|jeff,sonny
jeffrey,geoff,jeff|jeffrey|jeff|geoff,jeff
jehiel,hiel|jehiel|hiel|hiel
jehu,hugh,gee|jehu|hugh|gee,hugh
jemima,mima|jemima|mima|mima
jennet,jessie,jenny|jennet|jenny|jenny,jessie
jennifer,jennie|jennifer|jennie|jennie
jenny,jennifer|jenny|jennifer|jennifer
jeremiah,jereme,jerry|jeremiah|jerry|jereme,jerry
jerita,rita|jerita|rita|rita
jerry,jereme,geraldine|jerry|geraldine|geraldine,jereme
jessica,jessie|jessica|jessie|jessie
jessie,jane,jess,janet|jessie|jess|jane,janet,jess
jim,jimmie|jim|jimmie|jimmie
jincy,jane|jincy|jane|jane
jinsy,jane|jinsy|jane|jane
joan,jo,nonie|joan|jo|jo,nonie
joann,jo|joann|jo|jo
joanna,hannah,jody,jo,joan|joanna|jo|hannah,jo,joan,jody
joanne,jo|joanne|jo|jo
jody,jo|jody|jo|jo
joe,joseph,joey|joe|joey|joey,joseph
joey,joseph|joey|joseph|joseph
johanna,jo|johanna|jo|jo
johannah,hannah,jody,joan,nonie|johannah|hannah|hannah,joan,jody,nonie
johannes,jonathan,johnjohnny|johannes|john|john,johnny,jonathan
john,jack,johnny,jock|john|jack|jack,jock,johnny
jon,john,nathan|jon|john|john,nathan
jonathan,john,nathan|jonathan|nathan|john,nathan
joseph,jody,jos,joe,joey|joseph|joe|jody,joe,joey,jos
josephine,fina,jody,jo,josey,joey|josephine|jo|fina,jo,jody,joey,josey
josetta,jettie|josetta|jettie|jettie
josey,josophine|josey|josophine|josophine
josh,joshua|josh|joshua|joshua
joshua,jos,josh|joshua|josh|jos,josh
josiah,jos|josiah|jos|jos
joyce,joy|joyce|joy|joy
juanita,nita,nettie|juanita|nita|nettie,nita
judah,juder,jude|judah|jude|jude,juder
judith,judie,juda,judy,judi,jude|judith|judy|juda,jude,judi,judie,judy
judson,sonny,jud|judson|jud|jud,sonny
judy,judith|judy|judith|judith
julia,julie,jill|julia|julie|jill,julie
julian,jule|julian|jule|jule
julias,jule|julias|jule|jule
julie,julia,jule|julie|jules|jule,jules,julia
june,junius|june|junius|junius
junior,junie,june,jr|junior|june|jr,june,junie
justin,justus,justina|justin|justus|justina,justus
karonhappuck,karon,karen,carrie,happy|karonhappuck|karen|carrie,happy,karen,karon
kasey,k.c.|kasey|k.c.|k.c.
katarina,catherine,tina|katarina|catherine|catherine,tina
kate,kay|kate|kay|kay
katelin,kay,kate,kaye|katelin|kate|kate,kay,kaye
katelyn,kay,kate,kaye|katelyn|kate|kate,kay,kaye
katherine,kathy,katy,lena,kittie,kaye,kit,trina,cathy,kay,kate,cassie|katherine|kate|cassie,cathy,kate,kathy,katy,kay,kaye,kit,kittie,lena,trina
kathleen,kathy,katy,lena,kittie,kit,trina,cathy,kay,cassie|kathleen|kathy|cassie,cathy,kathy,katy,kay,kit,kittie,lena,trina
kathryn,kathy|kathryn|kathy|kathy
katy,kathy|katy|kathy|kathy
kayla,kay|kayla|kay|kay
ken,kenneth|ken|kenneth|kenneth
kendall,ken,kenny|kendall|ken|ken,kenny
kendra,kenj,kenji,kay,kenny|kendra|kay|kay,kenj,kenji,kenny
kendrick,ken,kenny|kendrick|ken|ken,kenny
kenneth,ken,kenny,kendrick|kenneth|ken|ken,kendrick,kenny
kenny,ken,kenneth|kenny|ken|ken,kenneth
kent,ken,kenny,kendrick|kent|ken|ken,kendrick,kenny
keziah,kizza,kizzie|keziah|kizzie|kizza,kizzie
kim,kimberly,kimberley|kim|kimberly|kimberley,kimberly
kimberley,kim|kimberley|kim|kim
kimberly,kim|kimberly|kim|kim
kingsley,king|kingsley|king|king
kingston,king|kingston|king|king
kit,kittie|kit|kittie|kittie
kris,chris|kris|chris|chris
kristel,kris|kristel|kris|kris
kristen,chris|kristen|chris|chris
kristin,chris|kristin|chris|chris
kristine,kris,kristy,tina,christy,chris,crissy|kristine|tina|chris,christy,crissy,kris,kristy,tina
kristopher,chris,kris|kristopher|kris|chris,kris
kristy,chris|kristy|chris|chris
lafayette,laffie,fate|lafayette|fate|fate,laffie
lamont,monty|lamont|monty|monty
laodicia,dicy,cenia|laodicia|dicy|cenia,dicy
larry,laurence,lawrence|larry|lawrence|laurence,lawrence
lauren,ren,laurie|lauren|laurie|laurie,ren
laurence,lorry,larry,lon,lonny,lorne|laurence|larry|larry,lon,lonny,lorne,lorry
laurinda,laura,lawrence|laurinda|laura|laura,lawrence
lauryn,laurie|lauryn|laurie|laurie
laveda,veda|laveda|veda|veda
laverne,vernon,verna|laverne|vernon|verna,vernon
lavina,vina,viney,ina|lavina|vina|ina,vina,viney
lavinia,vina,viney,ina|lavinia|vina|ina,vina,viney
lavonia,vina,vonnie,wyncha,viney|lavonia|vonnie|vina,viney,vonnie,wyncha
lavonne,von|lavonne|von|von
lawrence,lorry,larry,lon,lonny,lorne|lawrence|larry|larry,lon,lonny,lorne,lorry
leanne,lea,annie|leanne|lea|annie,lea
lecurgus,curg|lecurgus|curg|curg
lemuel,lem|lemuel|lem|lem
lena,ellen|lena|ellen|ellen
lenora,nora,lee|lenora|nora|lee,nora
leo,leon|leo|leon|leon
leonard,lineau,leo,leon,len,lenny|leonard|leo|len,lenny,leo,leon,lineau
leonidas,lee,leon|leonidas|leon|lee,leon
leonora,nora,nell,nellie|leonora|nora|nell,nellie,nora
leonore,nora,honor,elenor|leonore|nora|elenor,honor,nora
leroy,roy,lee,l.r.|leroy|lee|l.r.,lee,roy
les,lester|les|lester|lester
leslie,les|leslie|les|les
lester,les|lester|les|les
letitia,tish,titia,lettice,lettie|letitia|tish|lettice,lettie,tish,titia
levi,lee|levi|lee|lee
levicy,vicy|levicy|vicy|vicy
levone,von|levone|von|von
lib,libby|lib|libby|libby
lidia,lyddy|lidia|lyddy|lyddy
lil,lilly,lily|lil|lily|lilly,lily
lillah,lil,lilly,lily,lolly|lillah|lil|lil,lilly,lily,lolly
lillian,lil,lilly,lolly|lillian|lilly|lil,lilly,lolly
lilly,lily|lilly|lily|lily
lincoln,link|lincoln|link|link
linda,lindy,lynn|linda|lynn|lindy,lynn
lindy,lynn|lindy|lynn|lynn
lionel,leon|lionel|leon|leon
lisa,lizzie,alice,liz,melissa|lisa|liz|alice,liz,lizzie,melissa
littleberry,little,berry,l.b.|littleberry|little|berry,l.b.,little
liz,elizabeth|liz|elizabeth|elizabeth
lizzie,elizabeth,liz|lizzie|liz|elizabeth,liz
lois,lou,louise|lois|louise|lou,louise
lon,lonzo|lon|lonzo|lonzo
lorenzo,loren|lorenzo|loren|loren
loretta,etta,lorrie,retta|loretta|etta|etta,lorrie,retta
lorraine,lorrie|lorraine|lorrie|lorrie
lotta,lottie|lotta|lottie|lottie
lou,louis,lu|lou|louis|louis,lu
louis,lewis,louise,louie,lou|louis|lou|lewis,lou,louie,louise
louisa,eliza,lou,lois|louisa|lois|eliza,lois,lou
louise,eliza,lou,lois|louise|lou|eliza,lois,lou
louvinia,vina,vonnie,wyncha,viney|louvinia|vonnie|vina,viney,vonnie,wyncha
lucas,luke|lucas|luke|luke
lucia,lucy,lucius|lucia|lucy|lucius,lucy
lucias,luke|lucias|luke|luke
lucille,cille,lu,lucy,lou|lucille|lucy|cille,lou,lu,lucy
lucina,sinah|lucina|sinah|sinah
lucinda,lu,lucy,cindy,lou|lucinda|lu|cindy,lou,lu,lucy
lucretia,creasey|lucretia|creasey|creasey
lucy,lucinda|lucy|lucinda|lucinda
luella,lula,ella,lu|luella|lu|ella,lu,lula
luke,lucas|luke|lucas|lucas
lunetta,nettie|lunetta|nettie|nettie
lurana,lura|lurana|lura|lura
luther,luke|luther|luke|luke
lydia,lyddy|lydia|lyddy|lyddy
lyndon,lindy,lynn|lyndon|lynn|lindy,lynn
mabel,mehitabel,amabel|mabel|amabel|amabel,mehitabel
mac,mc|mac|mc|mc
mack,mac,mc|mack|mac|mac,mc
mackenzie,kenzy,mac,mack|mackenzie|mack|kenzy,mac,mack
maddy,madelyn,madeline,madge|maddy|madelyn|madeline,madelyn,madge
madeline,maggie,lena,magda,maddy,madge|madeline|maddy|lena,maddy,madge,magda,maggie
madie,madeline,madelyn|madie|madelyn|madeline,madelyn
madison,mattie,maddy|madison|maddy|maddy,mattie
magdalena,maggie,lena|magdalena|lena|lena,maggie
magdelina,lena,magda,madge|magdelina|lena|lena,madge,magda
mahala,hallie|mahala|hallie|hallie
malachi,mally|malachi|mally|mally
malcolm,mac,mal,malc|malcolm|mac|mac,mal,malc
malinda,lindy|malinda|lindy|lindy
manda,mandy|manda|mandy|mandy
mandy,amanda|mandy|amanda|amanda
manerva,minerva,nervie,eve,nerva|manerva|eve|eve,minerva,nerva,nervie
manny,manuel|manny|manuel|manuel
manoah,noah|manoah|noah|noah
manola,nonnie|manola|nonnie|nonnie
manuel,emanuel,manny|manuel|manny|emanuel,manny
marcus,mark|marcus|mark|mark
margaret,maggie,meg,peg,midge,margy,margie,madge,peggy,maggy,marge,daisy,margery,gretta,rita|margaret|peg|daisy,gretta,madge,maggie,maggy,marge,margery,margie,margy,meg,midge,peg,peggy,rita
margaretta,maggie,meg,peg,midge,margie,madge,peggy,marge,daisy,margery,gretta,rita|margaretta|peg|daisy,gretta,madge,maggie,marge,margery,margie,meg,midge,peg,peggy,rita
margarita,maggie,meg,metta,midge,greta,megan,maisie,madge,marge,daisy,peggie,rita,margo|margarita|maisie|daisy,greta,madge,maggie,maisie,marge,margo,meg,megan,metta,midge,peggie,rita
marge,margery,margaret,margaretta|marge|margaret|margaret,margaretta,margery
margie,marjorie,margie|margie|marjorie|marjorie
marguerite,peggy|marguerite|peggy|peggy
margy,marjorie|margy|marjorie|marjorie
mariah,mary,maria|mariah|mary|maria,mary
marian,marianna,marion|marian|marion|marianna,marion
marie,mae|marie|mae|mae
marietta,mariah,mercy,polly,may,molly,mitzi,minnie,mollie,mae,maureen,marion,marie,mamie,mary,maria|marietta|molly|mae,mamie,mariah,marie,marion,mary,maureen,may,mercy,minnie,mitzi,mollie,molly,polly
marilyn,mary|marilyn|mary|mary
marion,mary|marion|mary|mary
marissa,rissa|marissa|rissa|rissa
marjorie,margy,margie|marjorie|margie|margie,margy
marsha,marcie,mary|marsha|marcie|marcie,mary
martha,marty,mattie,mat,patsy,patty|martha|patty|marty,mat,mattie,patsy,patty
martin,marty|martin|marty|marty
martina,tina|martina|tina|tina
martine,tine|martine|tine|tine
marv,marvin|marv|marvin|marvin
marvin,marv|marvin|marv|marv
mary,mamie,molly,mae,polly,mitzi|mary|molly|mae,mamie,mitzi,molly,polly
mat,mattie|mat|mattie|mattie
mathilda,tillie,patty|mathilda|tillie|patty,tillie
matilda,tilly,maud,matty|matilda|tilly|matty,maud,tilly
matt,mathew,matthew|matt|matthew|mathew,matthew
matthew,thys,matt,thias,mattie,matty|matthew|matt|matt,mattie,matty,thias,thys
matthias,thys,matt,thias|matthias|matt|matt,thias,thys
maud,middy|maud|middy|middy
maureen,mary|maureen|mary|mary
maurice,morey|maurice|morey|morey
mavery,mave|mavery|mave|mave
mavine,mave|mavine|mave|mave
maxine,max|maxine|max|max
may,mae|may|mae|mae
mckenna,ken,kenna,meaka|mckenna|kenna|ken,kenna,meaka
medora,dora|medora|dora|dora
megan,meg|megan|meg|meg
mehitabel,hetty,mitty,mabel,hitty|mehitabel|mabel|hetty,hitty,mabel,mitty
melanie,mellie|melanie|mellie|mellie
melchizedek,zadock,dick|melchizedek|zadock|dick,zadock
melinda,linda,mel,lynn,mindy,lindy|melinda|linda|linda,lindy,lynn,mel,mindy
melissa,lisa,mel,missy,milly,lissa|melissa|lisa|lisa,lissa,mel,milly,missy
mellony,mellia|mellony|mellia|mellia
melody,lodi|melody|lodi|lodi
melvin,mel|melvin|mel|mel
melvina,vina|melvina|vina|vina
mercedes,merci,sadie,mercy|mercedes|sadie|merci,mercy,sadie
merv,mervin|merv|mervin|mervin
mervyn,merv|mervyn|merv|merv
micajah,cage|micajah|cage|cage
michael,micky,mike,micah,mick|michael|mike|micah,mick,micky,mike
michelle,mickey|michelle|mickey|mickey
mick,micky|mick|micky|micky
mike,micky,mick,michael|mike|michael|michael,mick,micky
mildred,milly|mildred|milly|milly
millicent,missy,milly|millicent|missy|milly,missy
minerva,minnie|minerva|minnie|minnie
minnie,wilhelmina|minnie|wilhelmina|wilhelmina
miranda,randy,mandy,mira|miranda|mandy|mandy,mira,randy
miriam,mimi,mitzi,mitzie|miriam|mimi|mimi,mitzi,mitzie
missy,melissa|missy|melissa|melissa
mitch,mitchell|mitch|mitchell|mitchell
mitchell,mitch|mitchell|mitch|mitch
mitzi,mary,mittie,mitty|mitzi|mittie|mary,mittie,mitty
mitzie,mittie,mitty|mitzie|mittie|mittie,mitty
monet,nettie|monet|nettie|nettie
monica,monna,monnie|monica|monnie|monna,monnie
monteleon,monte|monteleon|monte|monte
montesque,monty|montesque|monty|monty
montgomery,monty,gum|montgomery|monty|gum,monty
monty,lamont|monty|lamont|lamont
morris,morey|morris|morey|morey
mortimer,mort|mortimer|mort|mort
moses,amos,mose,moss|moses|amos|amos,mose,moss
muriel,mur|muriel|mur|mur
myrtle,myrt,myrti,mert|myrtle|myrti|mert,myrt,myrti
nadine,nada,deedee|nadine|deedee|deedee,nada
nancy,ann,nan,nanny|nancy|ann|ann,nan,nanny
naomi,omi|naomi|omi|omi
napoleon,nap,nappy,leon|napoleon|leon|leon,nap,nappy
natalie,natty,nettie|natalie|nettie|natty,nettie
natasha,tasha,nat|natasha|tasha|nat,tasha
nathan,nate,nat|nathan|nate|nat,nate
nathaniel,than,nathan,nate,nat,natty|nathaniel|nate|nat,nate,nathan,natty,than
nelle,nelly|nelle|nelly|nelly
nelson,nels|nelson|nels|nels
newt,newton|newt|newton|newton
nicholas,nick,claes,claas|nicholas|nick|claas,claes,nick
nick,nik,nicholas|nick|nicholas|nicholas,nik
nickie,nicholas|nickie|nicholas|nicholas
nicodemus,nick|nicodemus|nick|nick
nicole,nole,nikki,cole|nicole|nikki|cole,nikki,nole
nik,nick|nik|nick|nick
nora,nonie|nora|nonie|nonie
norbert,bert,norby|norbert|bert|bert,norby
nowell,noel|nowell|noel|noel
obadiah,dyer,obed,obie,diah|obadiah|obed|diah,dyer,obed,obie
obedience,obed,beda,beedy,biddie|obedience|biddie|beda,beedy,biddie,obed
obie,obediah|obie|obediah|obediah
octavia,tave,tavia|octavia|tavia|tave,tavia
odell,odo|odell|odo|odo
olive,nollie,livia,ollie|olive|livia|livia,nollie,ollie
oliver,ollie|oliver|ollie|ollie
olivia,nollie,livia,ollie|olivia|livia|livia,nollie,ollie
ollie,oliver|ollie|oliver|oliver
onicyphorous,cyphorus,osaforus,syphorous,one,cy,osaforum|onicyphorous|cyphorus|cy,cyphorus,one,osaforum,osaforus,syphorous
orilla,rilly,ora|orilla|rilly|ora,rilly
orlando,roland|orlando|roland|roland
orphelia,phelia|orphelia|phelia|phelia
ossy,ozzy|ossy|ozzy|ozzy
oswald,ozzy,waldo,ossy|oswald|ozzy|ossy,ozzy,waldo
otis,ode,ote|otis|ote|ode,ote
ozzy,oswald|ozzy|oswald|oswald
pamela,pam|pamela|pam|pam
pandora,dora|pandora|dora|dora
parmelia,amelia,milly,melia|parmelia|milly|amelia,melia,milly
parthenia,teeny,parsuny,pasoonie,phenie|parthenia|teeny|parsuny,pasoonie,phenie,teeny
pat,patrick,pat,patricia|pat|patrick|patricia,patrick
patience,pat,patty|patience|patty|pat,patty
patricia,tricia,pat,patsy,patty|patricia|tricia|pat,patsy,patty,tricia
patrick,pate,peter,pat,patsy,paddy|patrick|pat|paddy,pat,pate,patsy,peter
patsy,patty|patsy|patty|patty
patty,patricia|patty|patricia|patricia
paul,polly,paula,pauline|paul|polly|paula,pauline,polly
paula,polly,lina|paula|polly|lina,polly
paulina,polly,lina|paulina|polly|lina,polly
pauline,polly|pauline|polly|polly
peg,peggy|peg|peggy|peggy
pelegrine,perry|pelegrine|perry|perry
penelope,penny|penelope|penny|penny
percival,percy|percival|percy|percy
peregrine,perry|peregrine|perry|perry
permelia,melly,milly,mellie|permelia|milly|mellie,melly,milly
pernetta,nettie|pernetta|nettie|nettie
persephone,seph,sephy|persephone|seph|seph,sephy
pete,peter|pete|peter|peter
peter,pete,pate|peter|pete|pate,pete
petronella,nellie|petronella|nellie|nellie
pheney,josephine|pheney|josephine|josephine
pheriba,pherbia,ferbie|pheriba|ferbie|ferbie,pherbia
phil,phillip,philip|phil|phillip|philip,phillip
philadelphia,delphia|philadelphia|delphia|delphia
philander,fie|philander|fie|fie
philetus,leet,phil|philetus|phil|leet,phil
philinda,linda,lynn,lindy|philinda|linda|linda,lindy,lynn
philip,phil|philip|phil|phil
philipina,phoebe,penie|philipina|phoebe|penie,phoebe
phillip,phil|phillip|phil|phil
philly,delphia|philly|delphia|delphia
philomena,menaalmena|philomena|menaalmena|menaalmena
phoebe,fifi|phoebe|fifi|fifi
pinckney,pink|pinckney|pink|pink
pleasant,ples|pleasant|ples|ples
pocahontas,pokey|pocahontas|pokey|pokey
posthuma,humey|posthuma|humey|humey
prescott,scotty,scott,pres|prescott|scott|pres,scott,scotty
priscilla,prissy,cissy,cilla|priscilla|cissy|cilla,cissy,prissy
providence,provy|providence|provy|provy
prudence,prue,prudy|prudence|prue|prudy,prue
prudy,prudence|prudy|prudence|prudence
rachel,shelly|rachel|shelly|shelly
rafaela,rafa|rafaela|rafa|rafa
ramona,mona|ramona|mona|mona
randolph,dolph,randy|randolph|randy|dolph,randy
raphael,ralph|raphael|ralph|ralph
ray,raymond|ray|raymond|raymond
raymond,ray|raymond|ray|ray
reba,beck,becca|reba|becca|becca,beck
rebecca,beck,becca,reba,becky|rebecca|becky|becca,beck,becky,reba
reg,reggie|reg|reggie|reggie
reggie,reginald|reggie|reginald|reginald
regina,reggie,gina|regina|gina|gina,reggie
reginald,reggie,naldo,reg,renny|reginald|reggie|naldo,reg,reggie,renny
relief,leafa|relief|leafa|leafa
reuben,rube|reuben|rube|rube
reynold,reginald|reynold|reginald|reginald
rhoda,rodie|rhoda|rodie|rodie
rhodella,della|rhodella|della|della
rhyna,rhynie|rhyna|rhynie|rhynie
ricardo,rick,ricky|ricardo|rick|rick,ricky
rich,dick,rick,riche,richard|rich|dick|dick,richard,riche,rick
richard,dick,dickon,dickie,dicky,rick,rich,ricky|richard|dick|dick,dickie,dickon,dicky,rich,rick,ricky
richie,richard|richie|richard|richard
rick,ricky|rick|ricky|ricky
ricky,dick,rich|ricky|rick|dick,rich,rick
robert,hob,hobkin,dob,rob,bobby,dobbin,bob|robert|bob|bob,bobby,dob,dobbin,hob,hobkin,rob
roberta,robbie,bert,bobbie,birdie,bertie|roberta|bertie|bert,bertie,birdie,bobbie,robbie
roderick,rod,erick,rickie|roderick|rod|erick,rickie,rod
rodger,roge,bobby,hodge,rod,robby,rupert,robin|rodger|rod|bobby,hodge,robby,robin,rod,roge,rupert
roger,roge,bobby,hodge,rod,robby,rupert,robin|roger|rog|bobby,hodge,robby,robin,rod,roge,rupert
roland,rollo,lanny,orlando,rolly|roland|rollo|lanny,orlando,rollo,rolly
ron,ronald,ronnie,ronny|ron|ronnie|ronald,ronnie,ronny
ronald,naldo,ron,ronny|ronald|ron|naldo,ron,ronny
ronnie,ronald|ronnie|ronald|ronald
ronny,ronald|ronny|ronald|ronald
rosa,rose|rosa|rose|rose
rosabel,belle,roz,rosa,rose|rosabel|rosa|belle,rosa,rose,roz
rosabella,belle,roz,rosa,rose|rosabella|rosa|belle,rosa,rose,roz
rosalinda,linda,roz,rosa,rose|rosalinda|linda|linda,rosa,rose,roz
rosalyn,linda,roz,rosa,rose|rosalyn|roz|linda,rosa,rose,roz
roscoe,ross|roscoe|ross|ross
rose,rosie|rose|rosie|rosie
roseann,rose,ann,rosie,roz|roseann|rose|ann,rose,rosie,roz
roseanna,rose,ann,rosie,roz|roseanna|ann|ann,rose,rosie,roz
roseanne,ann|roseanne|ann|ann
rosina,sina|rosina|sina|sina
roxane,rox,roxie|roxane|roxie|rox,roxie
roxanna,roxie,rose,ann|roxanna|roxie|ann,rose,roxie
roxanne,roxie,rose,ann|roxanne|roxie|ann,rose,roxie
roz,rosalyn|roz|rosalyn|rosalyn
rube,reuben|rube|reuben|reuben
rudolph,dolph,rudy,olph,rolf|rudolph|rudy|dolph,olph,rolf,rudy
rudolphus,dolph,rudy,olph,rolf|rudolphus|rudy|dolph,olph,rolf,rudy
rudy,rudolph|rudy|rudolph|rudolph
russ,russell|russ|russell|russell
russell,russ,rusty|russell|russ|russ,rusty
rusty,russell|rusty|russell|russell
ryan,ry|ryan|ry|ry
sabrina,brina|sabrina|brina|brina
salome,loomie|salome|loomie|loomie
salvador,sal|salvador|sal|sal
sam,sammy,samuel|sam|sammy|sammy,samuel
samantha,sammy,sam,mantha|samantha|sam|mantha,sam,sammy
sammy,samuel|sammy|samuel|samuel
sampson,sam|sampson|sam|sam
samson,sam|samson|sam|sam
samuel,sammy,sam|samuel|sam|sam,sammy
samyra,myra|samyra|myra|myra
sandra,sandy,cassandra|sandra|sandy|cassandra,sandy
sandy,sandra|sandy|sandra|sandra
sanford,sandy|sanford|sandy|sandy
sarah,sally,sadie|sarah|sadie|sadie,sally
sarilla,silla|sarilla|silla|silla
savannah,vannie,anna|savannah|vannie|anna,vannie
scott,scotty,sceeter,squat,scottie|scott|scotty|sceeter,scottie,scotty,squat
sebastian,sebby|sebastian|sebby|sebby
selma,anselm|selma|anselm|anselm
serena,rena|serena|rena|rena
serilla,rilla|serilla|rilla|rilla
seymour,see,morey|seymour|morey|morey,see
shaina,sha,shay|shaina|shay|sha,shay
sharon,sha,shay|sharon|shay|sha,shay
sheila,cecilia|sheila|cecilia|cecilia
sheldon,shelly|sheldon|shelly|shelly
shelton,tony,shel,shelly|shelton|tony|shel,shelly,tony
sheridan,dan,danny,sher|sheridan|dan|dan,danny,sher
sheryl,sher|sheryl|sher|sher
shirley,sherry,lee,shirl|shirley|lee|lee,sherry,shirl
sibbilla,sybill,sibbie,sibbell|sibbilla|sibbie|sibbell,sibbie,sybill
sidney,syd,sid|sidney|sid|sid,syd
sigfired,sid|sigfired|sid|sid
sigfrid,sid|sigfrid|sid|sid
sigismund,sig|sigismund|sig|sig
silas,si|silas|si|si
silence,liley|silence|liley|liley
silvester,vester,si,sly,vest,syl|silvester|sly|si,sly,syl,vest,vester
simeon,si,sion|simeon|si|si,sion
simon,si,sion|simon|si|si,sion
sly,sylvester|sly|sylvester|sylvester
smith,smitty|smith|smitty|smitty
socrates,crate|socrates|crate|crate
solomon,sal,salmon,sol,solly,saul,zolly|solomon|solly|sal,salmon,saul,sol,solly,zolly
sondra,dre,sonnie|sondra|sonnie|dre,sonnie
sophia,sophie|sophia|sophie|sophie
sophronia,frona,sophia,fronia|sophronia|fronia|frona,fronia,sophia
stephan,steve|stephan|steve|steve
stephanie,stephen,stephie,annie,steph|stephanie|stephie|annie,steph,stephen,stephie
stephen,steve,steph|stephen|steve|steph,steve
steve,stephen,steven|steve|stephen|stephen,steven
steven,steve,steph|steven|steve|steph,steve
stuart,stu|stuart|stu|stu
sue,susie,susan|sue|susie|susan,susie
sullivan,sully,van|sullivan|sully|sully,van
sully,sullivan|sully|sullivan|sullivan
susan,hannah,susie,sue,sukey,suzie|susan|sue|hannah,sue,sukey,susie,suzie
susannah,hannah,susie,sue,sukey|susannah|sue|hannah,sue,sukey,susie
susie,suzie|susie|suzie|suzie
suzanne,suki,sue,susie|suzanne|sue|sue,suki,susie
sybill,sibbie|sybill|sibbie|sibbie
sydney,sid|sydney|sid|sid
sylvanus,sly,syl|sylvanus|sly|sly,syl
sylvester,sy,sly,vet,syl,vester,si,vessie|sylvester|sly|si,sly,sy,syl,vessie,vester,vet
tabby,tabitha|tabby|tabitha|tabitha
tabitha,tabby|tabitha|tabby|tabby
tamarra,tammy|tamarra|tammy|tammy
tanafra,tanny|tanafra|tanny|tanny
tasha,tash,tashie|tasha|tashie|tash,tashie
ted,teddy|ted|teddy|teddy
temperance,tempy|temperance|tempy|tempy
terence,terry|terence|terry|terry
teresa,terry|teresa|terry|terry
terry,terence|terry|terence|terence
tess,teresa,theresa|tess|teresa|teresa,theresa
tessa,teresa,theresa|tessa|teresa|teresa,theresa
thad,thaddeus|thad|thaddeus|thaddeus
thaddeus,thad|thaddeus|thad|thad
theo,theodore|theo|theodore|theodore
theodora,dora|theodora|dora|dora
theodore,theo,ted,teddy|theodore|theo|ted,teddy,theo
theodosia,theo,dosia,theodosius|theodosia|thea|dosia,teddie,thea
theophilus,ophi|theophilus|ophi|ophi
theotha,otha|theotha|otha|otha
theresa,tessie,thirza,tessa,terry,tracy,tess,thursa|theresa|tess|terry,tess,tessa,tessie,thirza,thursa,tracy
thom,thomas,tommy,tom|thom|tom|thomas,tom,tommy
thomas,thom,tommy,tom|thomas|tom|thom,tom,tommy
thomasa,tamzine|thomasa|tamzine|tamzine
tiffany,tiff,tiffy|tiffany|tiff|tiff,tiffy
tilford,tillie|tilford|tillie|tillie
tim,timothy,timmy|tim|timmy|timmy,timothy
timmy,timothy|timmy|timothy|timothy
timothy,tim,timmy|timothy|tim|tim,timmy
tina,christina|tina|christina|christina
tobias,bias,toby|tobias|toby|bias,toby
tom,thomas,tommy|tom|tommy|thomas,tommy
tommy,thomas|tommy|thomas|thomas
tony,anthony|tony|anthony|anthony
tranquilla,trannie,quilla|tranquilla|quilla|quilla,trannie
trisha,patricia|trisha|patricia|patricia
trix,trixie|trix|trixie|trixie
trudy,gertrude|trudy|gertrude|gertrude
tryphena,phena|tryphena|phena|phena
unice,eunice,nicie|unice|nicie|eunice,nicie
uriah,riah|uriah|riah|riah
ursula,sulie,sula|ursula|sula|sula,sulie
valentina,felty,vallie,val|valentina|val|felty,val,vallie
valentine,felty|valentine|felty|felty
valeri,val|valeri|val|val
valerie,val|valerie|val|val
vanburen,buren|vanburen|buren|buren
vandalia,vannie|vandalia|vannie|vannie
vanessa,essa,vanna,nessa|vanessa|nessa|essa,nessa,vanna
vernisee,nicey|vernisee|nicey|nicey
veronica,vonnie,ron,ronna,ronie,frony,franky,ronnie|veronica|ronnie|franky,frony,ron,ronie,ronna,ronnie,vonnie
vic,vicki,victor,vicky|vic|victor|vicki,vicky,victor
vicki,vicky,victoria|vicki|vicky|vicky,victoria
vickie,victoria|vickie|victoria|victoria
vicky,victoria|vicky|victoria|victoria
victor,vic|victor|vic|vic
victoria,torie,vic,vicki,tory,vicky|victoria|tory|torie,tory,vic,vicki,vicky
vin,vinny|vin|vinny|vinny
vince,vinnie|vince|vinnie|vinnie
vincent,vic,vince,vinnie,vin,vinny|vincent|vince|vic,vin,vince,vinnie,vinny
vincenzo,vic,vinnie,vin,vinny|vincenzo|vin|vic,vin,vinnie,vinny
vinson,vinny|vinson|vinny|vinny
viola,ola,vi|viola|vi|ola,vi
violetta,lettie|violetta|lettie|lettie
virginia,jane,jennie,ginny,virgy,ginger|virginia|ginny|ginger,ginny,jane,jennie,virgy
vivian,vi,viv|vivian|viv|vi,viv
waldo,ozzy,ossy|waldo|ozzy|ossy,ozzy
wallace,wally|wallace|wally|wally
wally,walt|wally|walt|walt
walter,wally,walt|walter|wally|wally,walt
washington,wash|washington|wash|wash
webster,webb|webster|webb|webb
wendy,wen|wendy|wen|wen
wilber,will,bert|wilber|bert|bert,will
wilbur,willy,willie|wilbur|willy|willie,willy
wilda,willie|wilda|willie|willie
wilfred,will,willie,fred|wilfred|will|fred,will,willie
wilhelmina,mina,wilma,willie,minnie|wilhelmina|wilma|mina,minnie,willie,wilma
will,bill,willie,wilbur,fred|will|willie|bill,fred,wilbur,willie
william,willy,bell,bela,bill,will,billy,willie|william|bill|bela,bell,bill,billy,will,willie,willy
willie,william,fred|willie|fred|fred,william
willis,willy,bill|willis|bill|bill,willy
wilson,will,willy,willie|wilson|will|will,willie,willy
winfield,field,winny,win|winfield|win|field,win,winny
winifred,freddie,winnie,winnet|winifred|freddie|freddie,winnet,winnie
winnie,winnifred|winnie|winnifred|winnifred
winnifred,freddie,freddy,winny,winnie,fred|winnifred|freddie|fred,freddie,freddy,winnie,winny
winny,winnifred|winny|winnifred|winnifred
winton,wint|winton|wint|wint
woodrow,woody,wood,drew|woodrow|woody|drew,wood,woody
yeona,onie,ona|yeona|ona|ona,onie
yulan,lan,yul|yulan|lan|lan,yul
yvonne,vonna|yvonne|vonna|vonna
zach,zachariah|zach|zachariah|zachariah
zachariah,zachy,zach,zeke|zachariah|zach|zach,zachy,zeke
zebedee,zeb|zebedee|zeb|zeb
zedediah,dyer,zed,diah|zedediah|zed|diah,dyer,zed
zephaniah,zeph|zephaniah|zeph|zeph
